"","Period","Ndays","Flux","Std.Err","SEP","L95","U95"
"1","WY 2016",366,0.0173071776257961,0.00713471098055918,0.0439457840982842,0.000394511000875498,0.101950890778863
"2","WY 2017",365,0.260084674633567,0.0985010985931381,0.280771913092437,0.0315602720910075,0.989803887693772
