"","Period","Ndays","Flux","Std.Err","SEP","L95","U95"
"1","WY 2017",365,3243020.86952378,550324.929907657,793932.292165689,1963119.43000438,5054454.26128169
