"","Period","Ndays","Flux","Std.Err","SEP","L95","U95"
"1","WY 2017",365,2920473.54639519,495645.76252966,710081.310027845,1774114.89991541,4539217.84906169
