"","Period","Ndays","Flux","Std.Err","SEP","L95","U95"
"1","WY 2015",365,409543.000879548,212368.387942253,354121.373289822,71623.8754703813,1339935.13771094
