"","Period","Ndays","Flux","Std.Err","SEP","L95","U95"
"1","WY 2017",365,0.853442018214217,0.154889494769893,0.223188694411025,0.498739033894537,1.36692481809322
