"","Period","Ndays","Flux","Std.Err","SEP","L95","U95"
"1","WY 2015",365,18874.5434391288,7208.84460951207,12730.4768178154,4712.24804702336,51961.923067072
