"","Period","Ndays","Flux","Std.Err","SEP","L95","U95"
"1","WY 2015",365,19263.0616595788,9683.46503414283,17044.2778776801,3249.95624015479,64039.2156644937
