"","Period","Ndays","Flux","Std.Err","SEP","L95","U95"
"1","WY 2017",365,2996901.59197305,362426.8077848,517087.591132517,2111098.3672473,4131389.40449309
