"","Period","Ndays","Flux","Std.Err","SEP","L95","U95"
"1","WY 2015",365,397117.009606016,258644.149148179,430069.677166381,47922.7189107509,1514491.21022572
