"","Period","Ndays","Flux","Std.Err","SEP","L95","U95"
"1","WY 2015",365,392074.979363533,206497.823756192,343856.8856845,67072.692973748,1295463.50365446
