"","Period","Ndays","Flux","Std.Err","SEP","L95","U95"
"1","WY 2017",365,0.864818065820289,0.109427687903544,0.156651861785805,0.598368675650194,1.21020720269288
