"","Period","Ndays","Flux","Std.Err","SEP","L95","U95"
"1","WY 2017",365,0.916050069445694,0.108418444374756,0.158094394900435,0.645233929602537,1.26291684187259
