"","Period","Ndays","Flux","Std.Err","SEP","L95","U95"
"1","WY 2015",365,414336.565807511,266125.650310844,443313.51158508,51063.7223465715,1567526.30339076
