"","Period","Ndays","Flux","Std.Err","SEP","L95","U95"
"1","WY 2017",365,0.752102826508206,0.133103015655816,0.190839095001526,0.446786327663939,1.18947711375385
