"","Period","Ndays","Flux","Std.Err","SEP","L95","U95"
"1","WY 2010",365,0.00892950515582551,0.00509773119600408,0.0585015500284059,2.9785321018195e-05,0.0609495328051875
"2","WY 2011",365,0.0838738893883453,0.0407520802260136,0.224341911664671,0.00171723483086032,0.502385487852086
"3","WY 2012",366,0,0,NA,NA,NA
"4","WY 2013",365,0.0170868329553657,0.00563919236798001,0.111517341071854,5.742385876267e-05,0.116624855990233
"5","WY 2014",365,0,0,NA,NA,NA
"6","WY 2015",365,0.034538387216105,0.0166977873891947,0.208741996210037,0.000135034819437558,0.235403536282709
