"","Period","Ndays","Flux","Std.Err","SEP","L95","U95"
"1","WY 2017",365,3330205.21264023,409144.257373901,592363.463940284,2319922.17767025,4633833.90168515
